{"2013-1":0.96875,"2013-2":0.9772727273,"2013-3":0.9711538462,"2013-4":0.8794326241,"2013-5":0.9758064516,"2013-6":1.0,"2013-7":0.9452054795,"2013-8":0.9349112426,"2013-9":0.9166666667,"2013-10":0.9691629956,"2013-11":0.9336734694,"2013-12":0.9171974522,"2014-1":0.9866666667,"2014-2":0.9733333333,"2014-3":0.9575471698,"2014-4":0.9455782313,"2014-5":0.9454545455,"2014-6":0.8976377953,"2014-7":0.8172043011,"2014-8":0.8555555556,"2014-9":0.9017094017,"2014-10":0.9736842105,"2014-11":0.9426523297,"2014-12":0.8988764045,"2015-1":0.89375,"2015-2":0.8064516129,"2015-3":0.9099099099,"2015-4":0.7983193277,"2015-5":0.8782287823,"2015-6":0.9210526316,"2015-7":0.9464285714,"2015-8":0.8703703704,"2015-9":0.9042145594,"2015-10":0.76875,"2015-11":0.358974359,"2015-12":0.5082872928,"2016-1":0.5891089109,"2016-2":0.5126582278,"2016-3":0.3411214953,"2016-4":0.2835820896,"2016-5":0.3027522936,"2016-6":0.484962406,"2016-7":0.3288288288,"2016-8":0.5841836735,"2016-9":0.3559322034,"2016-10":0.3231197772,"2016-11":0.3961038961,"2016-12":0.3098039216,"2017-1":0.3333333333,"2017-2":0.2618453865,"2017-3":0.2641509434,"2017-4":0.3913043478,"2017-5":0.3230769231,"2017-6":0.2355212355}